statement,originator,true_verdict,predicted_verdict,correct
"John McCain opposed bankruptcy protections for families ""who were only in bankruptcy because of medical expenses they couldn't pay.""",Barack Obama,true,true,True
"""Bennie Thompson actively cheer-led riots in the ’90s.""",Matt Gaetz,false,pants-fire,False
"Says Maggie Hassan was ""out of state on 30 days over the last three months.""",Kelly Ayotte,mostly-true,mostly-false,False
"""BUSTED: CDC Inflated COVID Numbers, Accused of Violating Federal Law""",Bloggers,false,mostly-false,False
"""I'm the only (Republican) candidate that has actually reduced the size of government.""",Bobby Jindal,half-true,true,False
"""There are actually only 30 countries that practice birthright citizenship.""",S.E. Cupp,true,mostly-false,False
"""My husband and I have never gotten a penny of money from the farm.""",Michele Bachmann,false,true,False
"""If you go strictly by the numbers, crime is down across the board. Last year we had a 10 percent decrease in the most serious crimes.""",George Turner,true,true,True
"""The American people say, don't touch Social Security, don't touch Medicare, don't cut defense. That's 84 percent of the federal budget.""",Kent Conrad,mostly-true,mostly-false,False
"""Since 1978, CEO compensation rose over 1,000% and only 11.9% for average workers.""",Mandela Barnes,true,true,True
"Says her accomplishments include ""a fiscally responsible budget agreement that controls state spending.""",Chris Telfer,pants-fire,true,False
"Says President Obama’s deal ""allows Iran to produce a nuclear weapon.""",Carlos Beruff,false,mostly-false,False
"Says ""Donald Trump says climate change is a hoax invented by the Chinese.""",Hillary Clinton,mostly-true,mostly-false,False
"""At least 450,000 ballots in the key states ... miraculously only have a mark for Joe Biden on them, and no other candidate.""",Sidney Powell,false,pants-fire,False
"""More than 70 percent of American adults have committed a crime that could lead to imprisonment.""",Stephen Carter,mostly-true,mostly-false,False
"Says the stimulus bill sent tax credits overseas, such as ""$1.2 billion to a solar company that's building a plant in Mexico.""",Americans for Prosperity,pants-fire,mostly-false,False
"Tampa Bay is ""leading the state in jobs creation.""",Bob Buckhorn,mostly-false,mostly-false,True
"Says Raphael Warnock has ""said we need to open up the prisons"" and ""eliminate cash bail.""",Kelly Loeffler,mostly-false,true,False
"The IRS is going to be ""in charge"" of ""a huge national database"" on health care that will include Americans’ ""personal, intimate, most close-to-the-vest-secrets.""",Michele Bachmann,pants-fire,true,False
"""Newly discovered video shows late night deliveries of tens of thousands of illegal ballots 8 hours after deadline.""",The Gateway Pundit,false,pants-fire,False
"Says Donald Trump ""literally has no plans to make higher education more affordable.""",Roberta Lange,mostly-true,mostly-false,False
"Post says a recent bill passed, and ""We get another stimulus check for $2500 at July 30, 2021""",Facebook posts,pants-fire,false,False
"With voting by mail, ""you get thousands and thousands of people sitting in somebody's living room, signing ballots all over the place.""",Donald Trump,false,mostly-false,False
"During his governorship, Virginia made ""the largest investment ever in K-12 education.""",Terry McAuliffe,mostly-false,mostly-false,True
"""In the entire public school system in Camden last year, only three students graduated college ready.""",Chris Christie,mostly-true,mostly-false,False
"Says he is ""cutting illegal immigration in half.""",Donald Trump,false,mostly-false,False
"""There is racism physically built into some of our highways.""",Pete Buttigieg,true,true,True
"Austin has ""over 1,000 city employees that make six-figure salaries.""",Jay Wiley,mostly-true,mostly-false,False
"Says Marco Rubio ""has a 98 percent voting record with the Koch brothers.""",Patrick Murphy,mostly-true,mostly-false,False
"Says John Bolton ""fundamentally was a man of the left.""",Tucker Carlson,pants-fire,mostly-false,False
"A German doctor discovered the COVID-19 vaccines include graphene oxide or graphene hydroxide, and the full list of ingredients is secret because of the emergency use authorization.",Facebook posts,false,mostly-false,False
Says he lived in a colonia while working as a farm worker.,David Alameel,false,true,False
"""The Republicans have demanded deep cuts in education. They've demanded cuts in cancer research and other research to find cures and treatments to diseases.""",Chris Van Hollen,mostly-true,true,False
"""75% of Republicans have been vaccinated"" against COVID-19 in Illinois.",Terri Bryant,false,mostly-false,False
"""Creating 25 jobs in Umatilla County has the same impact as 500 jobs in the metro region.""",John Kitzhaber,mostly-true,mostly-false,False
"""When I become the nominee, the Democratic nominee, I will be the only pro-choice candidate on the ballot.""",Kendrick Meek,mostly-true,true,False
"Financial conflict-of-interest ""laws don't apply to the president, right? So, the president doesn't have to have a blind trust.""",Rudy Giuliani,true,true,True
"Says ""J.B. Pritzker’s tax plan"" includes a ""new tax per mile you drive with government tracking device.""",Bruce Rauner,false,false,True
"""Given how expansive our program already was,"" expanding Medicaid in New Jersey due to Obamacare ""was a relatively small expansion.""",Chris Christie,mostly-true,mostly-false,False
"Says a federal judge ""sanctions Tennessee ‘birther’ lawyer … for bringing a frivolous lawsuit.""",Tennessee Democratic Party,true,true,True
"On new dollar coins, ""'In God We Trust' is gone!""",Chain email,false,false,True
"Says ""over 1 million signatures"" were submitted in attempt to recall Gov. Scott Walker.",Democratic Party of Wisconsin,false,mostly-false,False
"""All the billionaires in America, their net worth combined … has increased by $800 billion"" during the pandemic.",Joe Biden,mostly-true,true,False
"African-Americans don't use drugs at a higher level than whites but ""wind up going to prison six times more.""",Van Jones,mostly-true,true,False
"""PWNED: House GOP Dominates Twitter, YouTube, Social Media in Congress.""",John Boehner,true,true,True
"""This year, the federal government will have more revenue than any year in the history of our country.""",John Boehner,half-true,mostly-false,False
Says ex-Minneapolis officer accused of killing George Floyd commits suicide in prison cell.,Bloggers,pants-fire,false,False
"""59 percent of Americans today believe that Barack Obama is still a Muslim.""",Arsalan Iftikhar,false,mostly-false,False
The average age of planes in the Qatar Airways fleet is about four years while Delta Air Lines flies planes that are 35 years old.,Akbar Al Baker,mostly-false,mostly-false,True
"Louisiana’s film incentives program is so big ""they actually shot an upcoming film initially titled ‘Don’t Mess With Texas’ in New Orleans!""",Paul Stekler,half-true,true,False
"Hillary Clinton said, ""with a straight face, that the terrorist attacks this weekend were caused by Donald J. Trump""",Newt Gingrich,half-true,pants-fire,False
"""Whether you like to admit it or not, half our general revenue goes to education.""",Mike Haridopolos,true,mostly-false,False
"""By the time I finish this speech, two Americans will be slain, six women will be raped, 27 of us will be robbed, and 50 more will be beaten.""",Wayne LaPierre,mostly-true,pants-fire,False
Darryl Hicks had seven ethics violations and didn't pay most of the fines.,Mark Butler,half-true,mostly-false,False
"""The word progressive ... was created as a substitute for ‘communist’.""",Jon Voight,false,true,False
"Says that in polls about 2016 candidate leadership skills, he comes out ""two and three and four times higher than anybody else.""",Donald Trump,half-true,pants-fire,False
"""By using a little-known loophole ... Obama minions are allowing Nestle Company to export precious fresh water out of Lake Michigan.""",Bloggers,mostly-false,mostly-false,True
Says Obama flip-flopped on banning handguns.,Let Freedom Ring,half-true,true,False
"The ""3 red stripes"" in Joe Biden’s campaign logo refer to a Chinese socialist slogan.",Facebook posts,pants-fire,false,False
"""Obamacare (hit) Americans with over $500 billion in new taxes.""",U.S. Chamber of Commerce,half-true,mostly-false,False
"Undocumented drivers ""have protections that US citizens don’t receive under Green light bill.""",Michael Kearns,false,mostly-false,False
"""You can go to Georgia and make about $6,000 more a year as a teacher.""",Martin Kiar,true,mostly-false,False
"""The Iranians continue – in the view of every objective observer – continue to pursue the acquisition of nuclear weapons.""",John McCain,false,mostly-false,False
A photo of a burned cat is from the Australia wildfires.,Viral image,mostly-false,mostly-false,True
"Wisconsin is ""dead-last in creating new businesses"" for ""three years in a row.""",Andy Gronik,half-true,mostly-false,False
"The EPA was asked about an environmental citation for the city landfill in Nashua, N.H. but ""didn’t know"" why it was cited.",Newt Gingrich,mostly-true,true,False
"""I wrote to Secretary Paulson, I wrote to Federal Reserve Chairman Bernanke [in March 2007], and told them this is something we have to deal with, and nobody did anything about it.""",Barack Obama,half-true,true,False
"Says Beto O’Rourke is ""open to abolishing ICE.""",Ted Cruz,mostly-true,mostly-false,False
The minimum wage has risen $2.35 in the last two years. That's 31 percent.,Leonidas Raptakis,false,mostly-false,False
There is no ‘backlog’ of untested rape kits in Wisconsin.,Brad Schimel,pants-fire,mostly-false,False
"""There are 63 million abortions a year in this country.""",Jeanine Pirro,false,mostly-false,False
"Ted Cruz is ""unknown to the vast majority of Texans.""",Paul Sadler,mostly-false,mostly-false,True
"""Sen. Obama has declared, and repeatedly reaffirmed his intention to meet the president of Iran without any preconditions.""",John McCain,true,true,True
"Children and teen suicide attempts ""skyrocketed 250% in 2020"" according to ""one study done by a hospital.""",Madison Cawthorn,mostly-false,mostly-false,True
"According to the U.S. Census Bureau, 71.2 percent of Hispanic registered voters in Texas and over 86 percent of African American registered voters participated in the 2012 elections.",John Cornyn,mostly-true,true,False
"Rick Santorum says Rick Perry requested 1,200 earmarks as governor of Texas.",Rick Santorum,pants-fire,false,False
"A wind turbine ""could never generate as much energy as was invested in building it.""",Viral image,false,mostly-false,False
"""During my administration, for example, we boosted U.S. exports to Canada and Mexico by about 50 percent. That supports about 2.8 million American jobs.""",Barack Obama,mostly-false,true,False
"""We saw the true danger of the FCC's net neutrality repeal when Verizon was caught throttling California fire fighters.""",Fight for the Future,half-true,true,False
"Scott Walker ""had a 2.3 GPA when he was asked to leave Marquette University for cheating.""",Facebook posts,false,mostly-false,False
"""I saw my father march with Martin Luther King.""",Mitt Romney,mostly-false,false,False
"Says 2012 was the ""first year in American history that more minorities are being born than people in the majority.""",Cory Booker,half-true,mostly-false,False
"A proposed constitutional amendment ""will pave the way for making abortion illegal under North Carolina’s constitution.""",BlueNC,pants-fire,true,False
"""‘Simple math’ shows Biden claims 13 million more votes than there were eligible voters who voted in 2020 election.""",Facebook posts,pants-fire,pants-fire,True
"""Heidi Cruz, Ted’s wife, is managing director of Goldman Sachs. They oversee the Texas utilities.""",Facebook posts,mostly-false,mostly-false,True
"Monkeypox is biological warfare ""against us by our governments.""",Facebook posts,false,pants-fire,False
"""We're the only major oil-producing nation in the world with a self-imposed ban on exporting our crude oil to other nations.""",Barry DuVal,mostly-true,mostly-false,False
"""A Florida judge ruled parts of Obamacare unconstitutional.""",U.S. Chamber of Commerce,mostly-true,mostly-false,False
"""So far this year, more students have been killed in schools than soldiers in combat zones.""",Gwen Graham,mostly-true,mostly-false,False
"Say Nancy Pelosi’s net worth is $196,299,990.",Facebook posts,false,mostly-false,False
"The budget currently being debated ""significantly decreases the use of one-time resources.""",Ron Amstutz,true,true,True
"""One of the other inaccuracies ... is that we have raised taxes multiple times and run up the budget. Absolutely not true. One tax increase since I’ve been in office. It was a quarter mill tax in the unincorporated area only.""",Susan Latvala,false,true,False
"It's ""not true"" that since he's been the president, executions in Iran have increased by four times.",Mahmoud Ahmadinejad,false,false,True
Say easing restrictions on selling alcohol on Sundays will result in more traffic crashes and fatalities.,Georgia state senators,false,mostly-false,False
"""Democrats just elected (include)… a man who preys on underage prostitutes … and an anti-semitic racist who beats women.""",Bloggers,mostly-false,pants-fire,False
"""Overwhelming Democrat and Republican votes"" in 2011 for legislation in two special sessions on jobs demonstrated the bipartisan nature of the Wisconsin Legislature.",Scott Walker,mostly-false,true,False
"""To deprive"" underprivileged children ""of a meat-based protein during school lunch is most likely depriving them of their only source of protein for the day.""",Todd Staples,pants-fire,true,False
"""Handel endorsed gay adoption"" in 2003 when she was running for chairwoman of the Fulton County Commission.",Nathan Deal,mostly-false,true,False
"""We have to recognize that our salaries for faculty are the lowest in New England with the exception of the University of Maine.""",David Dooley,true,true,True
"Research from Japan shows ""ivermectin is effective against omicron in Phase III trial.""",Tweets,false,mostly-false,False
